{
    "dt": 0.0001,
    "n_grid": 15,
    "scene_scaling": 0.5,
    "initial_frame": 0,
    "end_frame": 9000,
    "operator_update_interval": 0.03,
    "clip_IFS": 0.8,
    "grad_update_interval": 3,
    "operator_parameters": {
        "operator_edge_length": 0.03,
        "n_operator_particles": 250,
        "operator_mass": 99
    },
    "rigid_cube_parameters": {
        "rigid_cube_side_length": 0.14,
        "n_rigid_cube_particles": 150,
        "cube_mass": 999
    },
    "garment_parameters": {
        "number_of_triangles": 1500,
        "sim_number_of_triangles": 310,
        "constitutive_parameter_upper_bounds": {
            "E": 1000,
            "nu": 0.45,
            "contact_stiffness": 5000,
            "shearing_stiffness": 1000,
            "internal_friction_angle": 360,
            "damping": 0.99999
        },
        "constitutive_parameter_lower_bounds": {
            "E": 10,
            "nu": 0.05,
            "contact_stiffness": 10,
            "shearing_stiffness": 1,
            "internal_friction_angle": 1,
            "damping": 0.1
        },
        "garment_mass": 0.5
    },
    "data_dir": "/../../data/",
    "result_dir": "/../../result/",
    "base_to_azure": {
        "translation": {
            "x": 1.5842527110921591,
            "y": -0.35025005147344707,
            "z": 0.702511389412768
        },
        "rotation": {
            "x": -0.15515624772212583,
            "y": -0.03861286692067156,
            "z": 0.9797845361204801,
            "w": 0.1202407920804442
        }
    },
    "camera_to_rigid_body_mark": {
        "translation": {
            "x": 1.1388570233915192,
            "y": 0.29444430891377743,
            "z": -0.18742642500671575
        },
        "rotation": {
            "x": -0.16704641084363653,
            "y": -0.02240824156943729,
            "z": 0.976245823443337,
            "w": -0.13615233947114452
        }
    },
    "world_to_left": [
        [
            0.9998751732870825,
            -0.015535527467032312,
            -0.002821264749440995,
            0.005108427412759464
        ],
        [
            0.015562410614908083,
            0.9998312918944,
            0.00976735373071303,
            -0.3183825180548578
        ],
        [
            0.0026691208622119586,
            -0.009810038177968525,
            0.9999480931996684,
            0.002357128460472202
        ],
        [
            0.0,
            0.0,
            0.0,
            1.0
        ]
    ],
    "world_to_right": [
        [
            0.999991005296758,
            -0.0033636043109267783,
            0.002405790778319967,
            -0.0007280287315833966
        ],
        [
            0.003356693475514849,
            0.9999900802753282,
            0.0028699856889014093,
            0.3118639216104343
        ],
        [
            -0.002415420281388823,
            -0.0028618626412742426,
            0.9999926342359611,
            -0.0024220111187338578
        ],
        [
            0.0,
            0.0,
            0.0,
            1.0
        ]
    ],
    "world_to_top_camera": [
        [
            -0.024641772376185624,
            -0.9995322113424218,
            -0.018114677559598526,
            0.06117497264305105
        ],
        [
            -0.9996259264329553,
            0.024851061530591825,
            -0.011420680533955866,
            0.5154115951022965
        ],
        [
            0.011865507035780614,
            0.017826475527448992,
            -0.9997706869642922,
            1.5639895402236614
        ],
        [
            0.0,
            0.0,
            0.0,
            1.0
        ]
    ]
}